{
  "clientes": [
    {
      "identificacion": "1003043207",
      "nombre": "kevin",
      "apellido": "andres",
      "telefono": "31212",
      "fechaNacimiento": "0032-02-03",
      "ciudadOrigen": "buca",
      "paisOrigen": "colombia",
      "email": "andreskevin2606@gmail.com",
      "id": 1
    }
  ],
  "ciudades": [
    {
      "nombre": "barranquilla",
      "id": 1
    },
    {
      "nombre": "pereira",
      "id": 2
    }
  ],
  "rutas": [
    {
      "nombreRuta": "perrito",
      "origen": "barranquilla",
      "destino": "pereira",
      "millas": "300",
      "valor": "200",
      "id": 1
    },
    {
      "nombreRuta": "ayuda",
      "origen": "barranquilla",
      "destino": "pereira",
      "millas": "20030",
      "valor": "3000039",
      "id": 2
    }
  ],
  "tiquetes": [
    {
      "id": 1
    },
    {
      "identificacion": "1111",
      "nombre": "pedro",
      "apellido": "picapiedra",
      "email": "prueba@gmail.com",
      "origen": "barranquilla",
      "destino": "pereira",
      "fecha": "2023-05-08",
      "ruta": {
        "nombreRuta": "perrito",
        "origen": "barranquilla",
        "destino": "pereira",
        "millas": "300",
        "valor": "200",
        "id": 1,
        "valorTotal": 243.6
      },
      "id": 2
    }
  ]
}